{"dataset_id": 1460, "name": "banana", "version": 1, "description": "**Author**:   \n**Source**: KEEL\n**Please cite**:   \n\nAn artificial data set where instances belongs to several clusters with a banana shape. There are two attributes At1 and At2 corresponding to the x and y axis, respectively. The class label (-1 and 1) represents one of the two banana shapes in the dataset.", "creator": null, "contributor": null, "collection_date": null, "upload_date": "2015-05-21T22:02:20", "language": null, "license": "Public", "default_target_attribute": "Class", "row_id_attribute": null, "ignore_attribute": null, "tags": ["artificial", "study_50", "study_7"], "features": [{"index": 0, "name": "V1", "data_type": "numeric", "nominal_values": null, "number_missing_values": 0}, {"index": 1, "name": "V2", "data_type": "numeric", "nominal_values": null, "number_missing_values": 0}, {"index": 2, "name": "Class", "data_type": "nominal", "nominal_values": ["1", "2"], "number_missing_values": 0}], "qualities": {"AutoCorrelation": 0.49367805246272883, "CfsSubsetEval_DecisionStumpAUC": 0.9314032798343674, "CfsSubsetEval_DecisionStumpErrRate": 0.11735849056603774, "CfsSubsetEval_DecisionStumpKappa": 0.7615049999594863, "CfsSubsetEval_NaiveBayesAUC": 0.9314032798343674, "CfsSubsetEval_NaiveBayesErrRate": 0.11735849056603774, "CfsSubsetEval_NaiveBayesKappa": 0.7615049999594863, "CfsSubsetEval_kNN1NAUC": 0.9314032798343674, "CfsSubsetEval_kNN1NErrRate": 0.11735849056603774, "CfsSubsetEval_kNN1NKappa": 0.7615049999594863, "ClassEntropy": 0.992274432717632, "DecisionStumpAUC": 0.6074837234635456, "DecisionStumpErrRate": 0.41415094339622643, "DecisionStumpKappa": 0.2010926698166514, "Dimensionality": 0.0005660377358490566, "EquivalentNumberOfAtts": NaN, "J48.00001.AUC": 0.9314032798343674, "J48.00001.ErrRate": 0.11735849056603774, "J48.00001.Kappa": 0.7615049999594863, "J48.0001.AUC": 0.9314032798343674, "J48.0001.ErrRate": 0.11735849056603774, "J48.0001.Kappa": 0.7615049999594863, "J48.001.AUC": 0.9314032798343674, "J48.001.ErrRate": 0.11735849056603774, "J48.001.Kappa": 0.7615049999594863, "MajorityClassPercentage": 55.16981132075471, "MajorityClassSize": 2924.0, "MaxAttributeEntropy": NaN, "MaxKurtosisOfNumericAtts": -0.6307220671475418, "MaxMeansOfNumericAtts": 1.756886792452484e-05, "MaxMutualInformation": NaN, "MaxNominalAttDistinctValues": 2.0, "MaxSkewnessOfNumericAtts": 0.16876473017626942, "MaxStdDevOfNumericAtts": 1.0000382851572658, "MeanAttributeEntropy": NaN, "MeanKurtosisOfNumericAtts": -0.8442896436661711, "MeanMeansOfNumericAtts": 1.6657547169821537e-05, "MeanMutualInformation": NaN, "MeanNoiseToSignalRatio": NaN, "MeanNominalAttDistinctValues": 2.0, "MeanSkewnessOfNumericAtts": 0.09728044523028674, "MeanStdDevOfNumericAtts": 0.9999591946804569, "MinAttributeEntropy": NaN, "MinKurtosisOfNumericAtts": -1.0578572201848004, "MinMeansOfNumericAtts": 1.574622641511823e-05, "MinMutualInformation": NaN, "MinNominalAttDistinctValues": 2.0, "MinSkewnessOfNumericAtts": 0.02579616028430407, "MinStdDevOfNumericAtts": 0.9998801042036481, "MinorityClassPercentage": 44.83018867924528, "MinorityClassSize": 2376.0, "NaiveBayesAUC": 0.6646934892702676, "NaiveBayesErrRate": 0.3864150943396226, "NaiveBayesKappa": 0.17933134376024484, "NumberOfBinaryFeatures": 1.0, "NumberOfClasses": 2.0, "NumberOfFeatures": 3.0, "NumberOfInstances": 5300.0, "NumberOfInstancesWithMissingValues": 0.0, "NumberOfMissingValues": 0.0, "NumberOfNumericFeatures": 2.0, "NumberOfSymbolicFeatures": 1.0, "PercentageOfBinaryFeatures": 33.33333333333333, "PercentageOfInstancesWithMissingValues": 0.0, "PercentageOfMissingValues": 0.0, "PercentageOfNumericFeatures": 66.66666666666666, "PercentageOfSymbolicFeatures": 33.33333333333333, "Quartile1AttributeEntropy": NaN, "Quartile1KurtosisOfNumericAtts": -1.0578572201848004, "Quartile1MeansOfNumericAtts": 1.574622641511823e-05, "Quartile1MutualInformation": NaN, "Quartile1SkewnessOfNumericAtts": 0.02579616028430407, "Quartile1StdDevOfNumericAtts": 0.9998801042036481, "Quartile2AttributeEntropy": NaN, "Quartile2KurtosisOfNumericAtts": -0.8442896436661711, "Quartile2MeansOfNumericAtts": 1.6657547169821537e-05, "Quartile2MutualInformation": NaN, "Quartile2SkewnessOfNumericAtts": 0.09728044523028674, "Quartile2StdDevOfNumericAtts": 0.9999591946804569, "Quartile3AttributeEntropy": NaN, "Quartile3KurtosisOfNumericAtts": -0.6307220671475418, "Quartile3MeansOfNumericAtts": 1.756886792452484e-05, "Quartile3MutualInformation": NaN, "Quartile3SkewnessOfNumericAtts": 0.16876473017626942, "Quartile3StdDevOfNumericAtts": 1.0000382851572658, "REPTreeDepth1AUC": 0.9345796369992676, "REPTreeDepth1ErrRate": 0.11735849056603774, "REPTreeDepth1Kappa": 0.7619203063504866, "REPTreeDepth2AUC": 0.9345796369992676, "REPTreeDepth2ErrRate": 0.11735849056603774, "REPTreeDepth2Kappa": 0.7619203063504866, "REPTreeDepth3AUC": 0.9345796369992676, "REPTreeDepth3ErrRate": 0.11735849056603774, "REPTreeDepth3Kappa": 0.7619203063504866, "RandomTreeDepth1AUC": 0.8668276903784771, "RandomTreeDepth1ErrRate": 0.1320754716981132, "RandomTreeDepth1Kappa": 0.7331839738931667, "RandomTreeDepth2AUC": 0.8668276903784771, "RandomTreeDepth2ErrRate": 0.1320754716981132, "RandomTreeDepth2Kappa": 0.7331839738931667, "RandomTreeDepth3AUC": 0.8668276903784771, "RandomTreeDepth3ErrRate": 0.1320754716981132, "RandomTreeDepth3Kappa": 0.7331839738931667, "StdvNominalAttDistinctValues": 0.0, "kNN1NAUC": 0.8655602421847292, "kNN1NErrRate": 0.13377358490566038, "kNN1NKappa": 0.7298067252002739}}