{"dataset_id": 724, "name": "analcatdata_vineyard", "version": 2, "description": "**Author**:   \n**Source**: Unknown - Date unknown  \n**Please cite**:   \n\nBinarized version of the original data set (see version 1). It converts the numeric target feature to a two-class nominal target feature by computing the mean and classifying all instances with a lower target value as positive ('P') and all others as negative ('N').", "creator": null, "contributor": null, "collection_date": null, "upload_date": "2014-10-04T14:31:41", "language": null, "license": "Public", "default_target_attribute": "binaryClass", "row_id_attribute": null, "ignore_attribute": null, "tags": ["mythbusting_1", "study_1", "study_127", "study_15", "study_20", "study_41", "study_7", "study_88"], "features": [{"index": 0, "name": "Year", "data_type": "nominal", "nominal_values": ["1983", "1984", "1985", "1986", "1987", "1988", "1989", "1990", "1991"], "number_missing_values": 0}, {"index": 1, "name": "Row", "data_type": "numeric", "nominal_values": null, "number_missing_values": 0}, {"index": 2, "name": "Group", "data_type": "numeric", "nominal_values": null, "number_missing_values": 0}, {"index": 3, "name": "binaryClass", "data_type": "nominal", "nominal_values": ["N", "P"], "number_missing_values": 0}], "qualities": {"AutoCorrelation": 0.8501070663811563, "CfsSubsetEval_DecisionStumpAUC": 0.886667899408284, "CfsSubsetEval_DecisionStumpErrRate": 0.13247863247863248, "CfsSubsetEval_DecisionStumpKappa": 0.7330143540669857, "CfsSubsetEval_NaiveBayesAUC": 0.886667899408284, "CfsSubsetEval_NaiveBayesErrRate": 0.13247863247863248, "CfsSubsetEval_NaiveBayesKappa": 0.7330143540669857, "CfsSubsetEval_kNN1NAUC": 0.886667899408284, "CfsSubsetEval_kNN1NErrRate": 0.13247863247863248, "CfsSubsetEval_kNN1NKappa": 0.7330143540669857, "ClassEntropy": 0.9910760598382222, "DecisionStumpAUC": 0.6425295857988166, "DecisionStumpErrRate": 0.4017094017094017, "DecisionStumpKappa": 0.2003780718336484, "Dimensionality": 0.008547008547008548, "EquivalentNumberOfAtts": 3.0401050002505614, "J48.00001.AUC": 0.8717917899408284, "J48.00001.ErrRate": 0.1623931623931624, "J48.00001.Kappa": 0.6702025072324013, "J48.0001.AUC": 0.8717917899408284, "J48.0001.ErrRate": 0.1623931623931624, "J48.0001.Kappa": 0.6702025072324013, "J48.001.AUC": 0.8717917899408284, "J48.001.ErrRate": 0.1623931623931624, "J48.001.Kappa": 0.6702025072324013, "MajorityClassPercentage": 55.55555555555556, "MajorityClassSize": 260.0, "MaxAttributeEntropy": 3.169925001442312, "MaxKurtosisOfNumericAtts": -1.2008863862300343, "MaxMeansOfNumericAtts": 26.5, "MaxMutualInformation": 0.32600060187281, "MaxNominalAttDistinctValues": 9.0, "MaxSkewnessOfNumericAtts": 0.0, "MaxStdDevOfNumericAtts": 15.024391303713745, "MeanAttributeEntropy": 3.169925001442312, "MeanKurtosisOfNumericAtts": -1.207657416198685, "MeanMeansOfNumericAtts": 16.75, "MeanMutualInformation": 0.32600060187281, "MeanNoiseToSignalRatio": 8.723678371241373, "MeanNominalAttDistinctValues": 5.5, "MeanSkewnessOfNumericAtts": 0.0, "MeanStdDevOfNumericAtts": 9.385026302684903, "MinAttributeEntropy": 3.169925001442312, "MinKurtosisOfNumericAtts": -1.2144284461673356, "MinMeansOfNumericAtts": 7.0, "MinMutualInformation": 0.32600060187281, "MinNominalAttDistinctValues": 2.0, "MinSkewnessOfNumericAtts": 0.0, "MinStdDevOfNumericAtts": 3.74566130165606, "MinorityClassPercentage": 44.44444444444444, "MinorityClassSize": 208.0, "NaiveBayesAUC": 0.8733542899408284, "NaiveBayesErrRate": 0.21581196581196582, "NaiveBayesKappa": 0.5615050651230101, "NumberOfBinaryFeatures": 1.0, "NumberOfClasses": 2.0, "NumberOfFeatures": 4.0, "NumberOfInstances": 468.0, "NumberOfInstancesWithMissingValues": 0.0, "NumberOfMissingValues": 0.0, "NumberOfNumericFeatures": 2.0, "NumberOfSymbolicFeatures": 2.0, "PercentageOfBinaryFeatures": 25.0, "PercentageOfInstancesWithMissingValues": 0.0, "PercentageOfMissingValues": 0.0, "PercentageOfNumericFeatures": 50.0, "PercentageOfSymbolicFeatures": 50.0, "Quartile1AttributeEntropy": 3.169925001442312, "Quartile1KurtosisOfNumericAtts": -1.2144284461673356, "Quartile1MeansOfNumericAtts": 7.0, "Quartile1MutualInformation": 0.32600060187281, "Quartile1SkewnessOfNumericAtts": 0.0, "Quartile1StdDevOfNumericAtts": 3.74566130165606, "Quartile2AttributeEntropy": 3.169925001442312, "Quartile2KurtosisOfNumericAtts": -1.207657416198685, "Quartile2MeansOfNumericAtts": 16.75, "Quartile2MutualInformation": 0.32600060187281, "Quartile2SkewnessOfNumericAtts": 0.0, "Quartile2StdDevOfNumericAtts": 9.385026302684903, "Quartile3AttributeEntropy": 3.169925001442312, "Quartile3KurtosisOfNumericAtts": -1.2008863862300343, "Quartile3MeansOfNumericAtts": 26.5, "Quartile3MutualInformation": 0.32600060187281, "Quartile3SkewnessOfNumericAtts": 0.0, "Quartile3StdDevOfNumericAtts": 15.024391303713745, "REPTreeDepth1AUC": 0.8975129437869822, "REPTreeDepth1ErrRate": 0.17307692307692307, "REPTreeDepth1Kappa": 0.6500240038406144, "REPTreeDepth2AUC": 0.8975129437869822, "REPTreeDepth2ErrRate": 0.17307692307692307, "REPTreeDepth2Kappa": 0.6500240038406144, "REPTreeDepth3AUC": 0.8975129437869822, "REPTreeDepth3ErrRate": 0.17307692307692307, "REPTreeDepth3Kappa": 0.6500240038406144, "RandomTreeDepth1AUC": 0.8610576923076924, "RandomTreeDepth1ErrRate": 0.1346153846153846, "RandomTreeDepth1Kappa": 0.7259545674238763, "RandomTreeDepth2AUC": 0.8610576923076924, "RandomTreeDepth2ErrRate": 0.1346153846153846, "RandomTreeDepth2Kappa": 0.7259545674238763, "RandomTreeDepth3AUC": 0.8610576923076924, "RandomTreeDepth3ErrRate": 0.1346153846153846, "RandomTreeDepth3Kappa": 0.7259545674238763, "StdvNominalAttDistinctValues": 4.949747468305833, "kNN1NAUC": 0.8409301035502958, "kNN1NErrRate": 0.1581196581196581, "kNN1NKappa": 0.6776379477250726}}