{"dataset_id": 887, "name": "mbagrade", "version": 2, "description": "**Author**:   \n**Source**: Unknown - Date unknown  \n**Please cite**:   \n\nBinarized version of the original data set (see version 1). It converts the numeric target feature to a two-class nominal target feature by computing the mean and classifying all instances with a lower target value as positive ('P') and all others as negative ('N').", "creator": null, "contributor": null, "collection_date": null, "upload_date": "2014-10-04T14:36:16", "language": null, "license": "Public", "default_target_attribute": "binaryClass", "row_id_attribute": null, "ignore_attribute": null, "tags": ["binarized", "mythbusting_1", "study_1", "study_123", "study_15", "study_20", "study_41"], "features": [{"index": 0, "name": "sex", "data_type": "nominal", "nominal_values": ["0", "1"], "number_missing_values": 0}, {"index": 1, "name": "GMAT", "data_type": "numeric", "nominal_values": null, "number_missing_values": 0}, {"index": 2, "name": "binaryClass", "data_type": "nominal", "nominal_values": ["N", "P"], "number_missing_values": 0}], "qualities": {"AutoCorrelation": 0.55, "CfsSubsetEval_DecisionStumpAUC": 0.5689655172413793, "CfsSubsetEval_DecisionStumpErrRate": 0.39344262295081966, "CfsSubsetEval_DecisionStumpKappa": 0.1902654867256638, "CfsSubsetEval_NaiveBayesAUC": 0.5689655172413793, "CfsSubsetEval_NaiveBayesErrRate": 0.39344262295081966, "CfsSubsetEval_NaiveBayesKappa": 0.1902654867256638, "CfsSubsetEval_kNN1NAUC": 0.5689655172413793, "CfsSubsetEval_kNN1NErrRate": 0.39344262295081966, "CfsSubsetEval_kNN1NKappa": 0.1902654867256638, "ClassEntropy": 0.9982545693874832, "DecisionStumpAUC": 0.5813577586206896, "DecisionStumpErrRate": 0.4426229508196721, "DecisionStumpKappa": 0.1111710739341607, "Dimensionality": 0.04918032786885246, "EquivalentNumberOfAtts": 14.241260606450824, "J48.00001.AUC": 0.5689655172413793, "J48.00001.ErrRate": 0.39344262295081966, "J48.00001.Kappa": 0.1902654867256638, "J48.0001.AUC": 0.5689655172413793, "J48.0001.ErrRate": 0.39344262295081966, "J48.0001.Kappa": 0.1902654867256638, "J48.001.AUC": 0.5689655172413793, "J48.001.ErrRate": 0.39344262295081966, "J48.001.Kappa": 0.1902654867256638, "MajorityClassPercentage": 52.459016393442624, "MajorityClassSize": 32.0, "MaxAttributeEntropy": 0.747394446244039, "MaxKurtosisOfNumericAtts": 0.12593009672830213, "MaxMeansOfNumericAtts": 574.7540983606557, "MaxMutualInformation": 0.07009594143199, "MaxNominalAttDistinctValues": 2.0, "MaxSkewnessOfNumericAtts": 0.05301136689548292, "MaxStdDevOfNumericAtts": 65.41168492395043, "MeanAttributeEntropy": 0.747394446244039, "MeanKurtosisOfNumericAtts": 0.12593009672830213, "MeanMeansOfNumericAtts": 574.7540983606557, "MeanMutualInformation": 0.07009594143199, "MeanNoiseToSignalRatio": 9.662449650800285, "MeanNominalAttDistinctValues": 2.0, "MeanSkewnessOfNumericAtts": 0.05301136689548292, "MeanStdDevOfNumericAtts": 65.41168492395043, "MinAttributeEntropy": 0.747394446244039, "MinKurtosisOfNumericAtts": 0.12593009672830213, "MinMeansOfNumericAtts": 574.7540983606557, "MinMutualInformation": 0.07009594143199, "MinNominalAttDistinctValues": 2.0, "MinSkewnessOfNumericAtts": 0.05301136689548292, "MinStdDevOfNumericAtts": 65.41168492395043, "MinorityClassPercentage": 47.540983606557376, "MinorityClassSize": 29.0, "NaiveBayesAUC": 0.7117456896551724, "NaiveBayesErrRate": 0.32786885245901637, "NaiveBayesKappa": 0.3383947939262472, "NumberOfBinaryFeatures": 2.0, "NumberOfClasses": 2.0, "NumberOfFeatures": 3.0, "NumberOfInstances": 61.0, "NumberOfInstancesWithMissingValues": 0.0, "NumberOfMissingValues": 0.0, "NumberOfNumericFeatures": 1.0, "NumberOfSymbolicFeatures": 2.0, "PercentageOfBinaryFeatures": 66.66666666666666, "PercentageOfInstancesWithMissingValues": 0.0, "PercentageOfMissingValues": 0.0, "PercentageOfNumericFeatures": 33.33333333333333, "PercentageOfSymbolicFeatures": 66.66666666666666, "Quartile1AttributeEntropy": 0.747394446244039, "Quartile1KurtosisOfNumericAtts": 0.12593009672830213, "Quartile1MeansOfNumericAtts": 574.7540983606557, "Quartile1MutualInformation": 0.07009594143199, "Quartile1SkewnessOfNumericAtts": 0.05301136689548292, "Quartile1StdDevOfNumericAtts": 65.41168492395043, "Quartile2AttributeEntropy": 0.747394446244039, "Quartile2KurtosisOfNumericAtts": 0.12593009672830213, "Quartile2MeansOfNumericAtts": 574.7540983606557, "Quartile2MutualInformation": 0.07009594143199, "Quartile2SkewnessOfNumericAtts": 0.05301136689548292, "Quartile2StdDevOfNumericAtts": 65.41168492395043, "Quartile3AttributeEntropy": 0.747394446244039, "Quartile3KurtosisOfNumericAtts": 0.12593009672830213, "Quartile3MeansOfNumericAtts": 574.7540983606557, "Quartile3MutualInformation": 0.07009594143199, "Quartile3SkewnessOfNumericAtts": 0.05301136689548292, "Quartile3StdDevOfNumericAtts": 65.41168492395043, "REPTreeDepth1AUC": 0.5199353448275862, "REPTreeDepth1ErrRate": 0.45901639344262296, "REPTreeDepth1Kappa": 0.03937007874015755, "REPTreeDepth2AUC": 0.5199353448275862, "REPTreeDepth2ErrRate": 0.45901639344262296, "REPTreeDepth2Kappa": 0.03937007874015755, "REPTreeDepth3AUC": 0.5199353448275862, "REPTreeDepth3ErrRate": 0.45901639344262296, "REPTreeDepth3Kappa": 0.03937007874015755, "RandomTreeDepth1AUC": 0.5080818965517241, "RandomTreeDepth1ErrRate": 0.4918032786885246, "RandomTreeDepth1Kappa": 0.014008620689655178, "RandomTreeDepth2AUC": 0.5080818965517241, "RandomTreeDepth2ErrRate": 0.4918032786885246, "RandomTreeDepth2Kappa": 0.014008620689655178, "RandomTreeDepth3AUC": 0.5080818965517241, "RandomTreeDepth3ErrRate": 0.4918032786885246, "RandomTreeDepth3Kappa": 0.014008620689655178, "StdvNominalAttDistinctValues": 0.0, "kNN1NAUC": 0.488579352741662, "kNN1NErrRate": 0.5245901639344263, "kNN1NKappa": -0.0483351235230935}}